UID,evaluatee_name,evaluatee_id,user_id,group_id,Contribution,Communication,Motivation,Teamwork,General,Comments
1,Felton Strickland,fstrick2,tgibbs28,Team 1,,,,,,
2,,fstrick2,srobe216,Team 1,,,,,,
3,,fstrick2,ktiller5,Team 1,,,,,,
4,,fstrick2,jrobe394,Team 1,,,,,,
5,Justin Roberts,jrobe394,fstrick2,Team 1,,,,,,
6,,jrobe394,ktiller5,Team 1,,,,,,
7,,jrobe394,srobe216,Team 1,,,,,,
8,,jrobe394,tgibbs27,Team 1,,,,,,
9,Kaylee Tillery,ktiller5,jrobe394,Team 1,,,,,,
10,,ktiller5,fstrick2,Team 1,,,,,,
11,,ktiller5,tgibbs27,Team 1,,,,,,
12,,ktiller5,srobe216,Team 1,,,,,,
13,Shannon Roberts ,srobe216,ktiller5,Team 1,,,,,,
14,,srobe216,jrobe394,Team 1,,,,,,
15,,srobe216,fstrick2,Team 1,,,,,,
16,,srobe216,tgibbs27,Team 1,,,,,,
17,Tamiera Gibbs,tgibbs27,fstrick2,Team 1,,,,,,
18,,tgibbs27,ktiller5,Team 1,,,,,,
19,,tgibbs27,jrobe394,Team 1,,,,,,
20,,tgibbs27,fstrick2,Team 1,,,,,,
21,Alex Elekwa ,aelekwa,tbrow200,Team 2A,,,,,,
22,,aelekwa,jcosby10,Team 2A,,,,,,
23,,aelekwa,dpiment1,Team 2A,,,,,,
24,,aelekwa,bdelane4,Team 2A,,,,,,
25,Brandon Delaney ,bdelane4,tbrow200,Team 2A,,,,,,
26,,bdelane4,jcosby10,Team 2A,,,,,,
27,,bdelane4,dpiment1,Team 2A,,,,,,
28,,bdelane4,aelekwa,Team 2A,,,,,,
29,Daniel Pimentel,dpiment1,bdelane4,Team 2A,,,,,,
30,,dpiment1,aelekwa,Team 2A,,,,,,
31,,dpiment1,tbrow200,Team 2A,,,,,,
32,,dpiment1,jcosby10,Team 2A,,,,,,
33,Julie Cochrane,jcosby10,dpiment1,Team 2A,,,,,,
34,,jcosby10,bdelane4,Team 2A,,,,,,
35,,jcosby10,aelekwa,Team 2A,,,,,,
36,,jcosby10,tbrow200,Team 2A,,,,,,
37,Troy Brown,tbrow200,jcosby10,Team 2A,,,,,,
38,,tbrow200,dpiment1,Team 2A,,,,,,
39,,tbrow200,bdelane4,Team 2A,,,,,,
40,,tbrow200,aelekwa,Team 2A,,,,,,
41,Holden Zenker,hzenker,pmampane,Team 2B,,,,,,
42,,hzenker,zhildebr,Team 2B,,,,,,
43,,hzenker,vmetuge,Team 2B,,,,,,
44,,hzenker,ubobbitt,Team 2B,,,,,,
45,Polokego Mampane,pmampane,zhildebr,Team 2B,,,,,,
46,,pmampane,vmetuge,Team 2B,,,,,,
47,,pmampane,ubobbitt,Team 2B,,,,,,
48,,pmampane,hzenker,Team 2B,,,,,,
49,Ursula Bobbitt ,ubobbitt,zhildebr,Team 2B,,,,,,
50,,ubobbitt,vmetuge,Team 2B,,,,,,
51,,ubobbitt,hzenker,Team 2B,,,,,,
52,,ubobbitt,pmampane,Team 2B,,,,,,
53,Victoire Metuge ,vmetuge,zhildebr,Team 2B,,,,,,
54,,vmetuge,ubobbitt,Team 2B,,,,,,
55,,vmetuge,hzenker,Team 2B,,,,,,
56,,vmetuge,pmampane,Team 2B,,,,,,
57,Zach Hilderbrand ,zhildebr,vmetuge,Team 2B,,,,,,
58,,zhildebr,ubobbitt,Team 2B,,,,,,
59,,zhildebr,hzenker,Team 2B,,,,,,
60,,zhildebr,pmampane,Team 2B,,,,,,
61,Dheeraj Adapa,dadapa,dpydi,Team 2C,,,,,,
62,,dadapa,nkamanu,Team 2C,,,,,,
63,,dadapa,slawal3,Team 2C,,,,,,
64,,dadapa,holadele,Team 2C,,,,,,
65,Deviprasad Pydi ,dpydi,nkamanu,Team 2C,,,,,,
66,,dpydi,slawal3,Team 2C,,,,,,
67,,dpydi,holadele,Team 2C,,,,,,
68,,dpydi,dadapa,Team 2C,,,,,,
69,Hamed Oladele,holadele,dadapa,Team 2C,,,,,,
70,,holadele,dpydi,Team 2C,,,,,,
71,,holadele,nkamanu,Team 2C,,,,,,
72,,holadele,slawal3,Team 2C,,,,,,
73,Nkemdirim Kamanu,nkamanu,slawal3,Team 2C,,,,,,
74,,nkamanu,holadele,Team 2C,,,,,,
75,,nkamanu,dadapa,Team 2C,,,,,,
76,,nkamanu,dpydi,Team 2C,,,,,,
77,Sarat Lawal,slawal3,nkamanu,Team 2C,,,,,,
78,,slawal3,holadele,Team 2C,,,,,,
79,,slawal3,dadapa,Team 2C,,,,,,
80,,slawal3,dpydi,Team 2C,,,,,,
81,Anusha Bhimana,abhimana,tcox39,Team 3,,,,,,
82,,abhimana,svempati,Team 3,,,,,,
83,,abhimana,rchiluku,Team 3,,,,,,
84,,abhimana,nkyathag,Team 3,,,,,,
85,Nayanashree Kyathag,nkyathag,tcox39,Team 3,,,,,,
86,,nkyathag,svempati,Team 3,,,,,,
87,,nkyathag,rchiluku,Team 3,,,,,,
88,,nkyathag,abhimana,Team 3,,,,,,
89,Ramya Chilikuri ,rchiluku,nkyathag,Team 3,,,,,,
90,,rchiluku,abhimana,Team 3,,,,,,
91,,rchiluku,tcox39,Team 3,,,,,,
92,,rchiluku,svempati,Team 3,,,,,,
93,Sathvik Vempati ,svempati,rchiluku,Team 3,,,,,,
94,,svempati,nkyathag,Team 3,,,,,,
95,,svempati,abhimana,Team 3,,,,,,
96,,svempati,tcox39,Team 3,,,,,,
97,Tyler Cox,tcox39,svempati,Team 3,,,,,,
98,,tcox39,rchiluku,Team 3,,,,,,
99,,tcox39,nkyathag,Team 3,,,,,,
100,,tcox39,abhimana,Team 3,,,,,,
101,Aravind Allenki ,aallenki,spatha,Team 5A,,,,,,
102,,aallenki,ryarava,Team 5A,,,,,,
103,,aallenki,mvorugan,Team 5A,,,,,,
104,,aallenki,dvarri,Team 5A,,,,,,
105,Dimple Preethi ,dvarri,spatha,Team 5A,,,,,,
106,,dvarri,ryarava,Team 5A,,,,,,
107,,dvarri,mvorugan,Team 5A,,,,,,
108,,dvarri,aallenki,Team 5A,,,,,,
109,Manikanta Voruganti,mvorugan,dvarri,Team 5A,,,,,,
110,,mvorugan,aallenki,Team 5A,,,,,,
111,,mvorugan,spatha,Team 5A,,,,,,
112,,mvorugan,ryarava,Team 5A,,,,,,
113,Ramya Yarava,ryarava,spatha,Team 5A,,,,,,
114,,ryarava,mvorugan,Team 5A,,,,,,
115,,ryarava,dvarri,Team 5A,,,,,,
116,,ryarava,aallenki,Team 5A,,,,,,
117,Siddartha Patha ,spatha,ryarava,Team 5A,,,,,,
118,,spatha,mvorugan,Team 5A,,,,,,
119,,spatha,dvarri,Team 5A,,,,,,
120,,spatha,aallenki,Team 5A,,,,,,
121,Adedamola Adeyemo,aadeyem5,lanimasa,Team 5B,,,,,,
122,,aadeyem5,cboakyed,Team 5B,,,,,,
123,,aadeyem5,athack10,Team 5B,,,,,,
124,,aadeyem5,andiay11,Team 5B,,,,,,
125,Abdoulaye Ndiaye,andiay11,lanimasa,Team 5B,,,,,,
126,,andiay11,cboakyed,Team 5B,,,,,,
127,,andiay11,athack10,Team 5B,,,,,,
128,,andiay11,aadeyem5,Team 5B,,,,,,
129,Alex Thacker,athack10,aadeyem5,Team 5B,,,,,,
130,,athack10,andiay11,Team 5B,,,,,,
131,,athack10,lanimasa,Team 5B,,,,,,
132,,athack10,cboakyed,Team 5B,,,,,,
133,Cedric Boakye,cboakyed,lanimasa,Team 5B,,,,,,
134,,cboakyed,athack10,Team 5B,,,,,,
135,,cboakyed,aadeyem5,Team 5B,,,,,,
136,,cboakyed,andiay11,Team 5B,,,,,,
137,Lydia Anim,lanimasa,cboakyed,Team 5B,,,,,,
138,,lanimasa,athack10,Team 5B,,,,,,
139,,lanimasa,aadeyem5,Team 5B,,,,,,
140,,lanimasa,andiay11,Team 5B,,,,,,
141,Christian Taylor ,ctayl199,sdundoo,Team 6,,,,,,
142,,ctayl199,nnemmika,Team 6,,,,,,
143,,ctayl199,jpate140,Team 6,,,,,,
144,,ctayl199,dsharma8,Team 6,,,,,,
145,Desh Sharma,dsharma8,ctayl199,Team 6,,,,,,
146,,dsharma8,sdundoo,Team 6,,,,,,
147,,dsharma8,nnemmika,Team 6,,,,,,
148,,dsharma8,jpate140,Team 6,,,,,,
149,Janki Patel,jpate140,dsharma8,Team 6,,,,,,
150,,jpate140,ctayl199,Team 6,,,,,,
151,,jpate140,sdundoo,Team 6,,,,,,
152,,jpate140,nnemmika,Team 6,,,,,,
153,Nikhil Sai,nnemmika,sdundoo,Team 6,,,,,,
154,,nnemmika,jpate140,Team 6,,,,,,
155,,nnemmika,dsharma8,Team 6,,,,,,
156,,nnemmika,ctayl199,Team 6,,,,,,
157,Surya Harshith,sdundoo,nnemmika,Team 6,,,,,,
158,,sdundoo,jpate140,Team 6,,,,,,
159,,sdundoo,dsharma8,Team 6,,,,,,
160,,sdundoo,ctayl199,Team 6,,,,,,
161,Ashley Gaie,agaie,mdenni34,Team 8,,,,,,
162,,agaie,jhopki45,Team 8,,,,,,
163,,agaie,bdurden4,Team 8,,,,,,
164,Bradley Durden,bdurden4,agaie,Team 8,,,,,,
165,,bdurden4,mdenni34,Team 8,,,,,,
166,,bdurden4,jhopki45,Team 8,,,,,,
167,Julia Hopkins,jhopki45,mdenni34,Team 8,,,,,,
168,,jhopki45,bdurden4,Team 8,,,,,,
169,,jhopki45,agaie,Team 8,,,,,,
170,Marcus Dennis ,mdenni34,jhopki45,Team 8,,,,,,
171,,mdenni35,bdurden4,Team 8,,,,,,
172,,mdenni36,agaie,Team 8,,,,,,